stable_id,idx,openalex_id,doi,title,year,venue,source_db,pdf_url,download_status,category,basis,ar_ratio_body,fa_ratio_body,en_ratio_body,text_len,pages,tourism_hits,tourism_hit_ratio,hit_keywords,include_in_model,model_rule,include_in_case,case_rule
W2254096573,0,W2254096573,10.36325/ghjec.v8i25.5840,دور التدريب في إعداد الموارد البشرية السياحية المتخصصة وتأثيره على مستوى تقديم الخدمات Role of Training in specialized Tourism Human Resources and its Effect over service level,2014,Al-Ghary Journal of Economic and Administrative Sciences,OpenAlex,https://journal.uokufa.edu.iq/index.php/ghjec/article/download/5840/5454,ok,QUAL_CASE,阿语占比中等(22.7%)但文旅词命中5个且文本充足，可作定性案例,0.2272,0.0,0.0341,19936,10,5,0.1429,tourism;tourist;tour;hotel;فندق,0,,1,在90案例池内
W4400143370,1,W4400143370,10.36325/ghjec.v15i3.5436,واقع القطاع السياحي في محافظة النجف الاشرف - دراسة تحليلية,2019,Al-Ghary Journal of Economic and Administrative Sciences,OpenAlex,https://journal.uokufa.edu.iq/index.php/ghjec/article/download/5436/5051,ok,AR_PURE,纯阿语正文(阿语64.4%/英文4.4%)，文旅词命中14个，文本充足,0.644,0.0,0.0444,21618,10,14,0.4,tourism;tour;سياحة;سياحي;سائح;السياحية;السياحة;فندق,1,纯阿语正文(正文阿语>=60%/英文<20%/波斯=0)+文旅相关(tourism_hits>=1)+全文可得,1,在90案例池内
W3186252590,2,W3186252590,,قابلية البيئة القانونية للسياحة الحلال في ليبيا,2019,The International Islamic University Malaysia Repository (The International Islamic University Malaysia),OpenAlex,http://eprints.undip.ac.id/76770/1/COVER.pdf,ok,LANG_MISJUDG,正文阿语占比0.0%<15%，语言误判,0.0,0.0,0.5058,11617,10,4,0.1143,tourism;tourist;tour;cultural,0,语言误判(正文阿语<15%，如波斯语/土耳其语标题混入)，排除出模型,0,未进90案例池
W4324125760,3,W4324125760,10.37653/juah.2012.52094,السیاحة الصحراویة فی محافظة الانبار,2012,Maǧallaẗ ǧāmiʻaẗ al-Anbār li-l-ʻulūm al-insāniyyaẗ/Maǧallaẗ ǧāmiʻaẗ al-anbār li-l-ʻulūm al-insāniyyaẗ,OpenAlex,https://juah.uoanbar.edu.iq/article_52094_00ea4da7054bbef6aa1ab2b1746b8f93.pdf,ok,AR_PURE,纯阿语正文(阿语63.2%/英文2.3%)，文旅词命中7个，文本充足,0.6316,0.0,0.0233,26409,10,7,0.2,tourism;tour;سياحة;سياحي;السياحة;سفر;ثقافي,1,纯阿语正文(正文阿语>=60%/英文<20%/波斯=0)+文旅相关(tourism_hits>=1)+全文可得,1,在90案例池内
W4316917319,4,W4316917319,10.33102/mjsl.vol6no1.80,ماهية السياحة الترويحية وتأصيلها وضوابطها في الفقه الإسلامي,2018,Malaysian Journal of Syariah and Law,OpenAlex,https://mjsl.usim.edu.my/index.php/jurnalmjsl/article/download/80/70,ok,QUAL_CASE,阿语占比中等(58.2%)但文旅词命中7个且文本充足，可作定性案例,0.5819,0.0,0.099,15952,10,7,0.2,tourism;tour;سياحة;سائح;السياحة;سفر;ثقافي,0,,1,在90案例池内
W4396518279,5,W4396518279,10.56807/buj.v6i1.553,تقييم السياسات العامة السياحية في اليمن,2024,Albaydha University Journal,OpenAlex,https://baydaauniv.net/buj/index.php/buj/article/download/553/505,ok,QUAL_CASE,阿语占比中等(39.5%)但文旅词命中6个且文本充足，可作定性案例,0.395,0.0,0.017,73265,10,6,0.1714,tourism;tour;سياحة;سياحي;السياحية;السياحة,0,,1,在90案例池内
W2737527860,6,W2737527860,10.36325/ghjec.v10i33.5581,شبكة النقل البري واثرها على النشاط السياحي في محافظة النجف الاشرف,2015,Al-Ghary Journal of Economic and Administrative Sciences,OpenAlex,https://journal.uokufa.edu.iq/index.php/ghjec/article/download/5581/5197,ok,QUAL_CASE,阿语占比中等(33.6%)但文旅词命中4个且文本充足，可作定性案例,0.3358,0.0,0.0447,23266,10,4,0.1143,tourism;tourist;tour;destination,0,,1,在90案例池内
W4409887477,7,W4409887477,10.56807/buj.v7i1.776,تنشيط السياحة الرياضية في الجزر اليمنية وأثرها في دعم الاقتصاد الوطني,2025,Albaydha University Journal,OpenAlex,https://baydaauniv.net/buj/index.php/buj/article/download/776/690,ok,QUAL_CASE,阿语占比中等(42.2%)但文旅词命中10个且文本充足，可作定性案例,0.4218,0.0,0.0158,85714,10,10,0.2857,tourism;tour;سياحة;سياحي;السياحية;السياحة;فندق;سفر,0,,1,在90案例池内
W2218741503,8,W2218741503,10.36322/jksc.v1i17.5261,دور المصارف التقليدية والشاملة في تفعيل قطاع السياحة في محافظة النجف دراسة ميدانية,2010,Journal of Kufa Studies Center,OpenAlex,https://journal.uokufa.edu.iq/index.php/ksc/article/download/5261/4873,ok,AR_PURE,纯阿语正文(阿语76.5%/英文0.6%)，文旅词命中11个，文本充足,0.7648,0.0,0.0064,15241,10,11,0.3143,tourism;tour;سياحة;سياحي;السياحية;السياحة;فنادق;سفر,1,纯阿语正文(正文阿语>=60%/英文<20%/波斯=0)+文旅相关(tourism_hits>=1)+全文可得,1,在90案例池内
W4240708460,9,W4240708460,10.33948/jap-ksu-33-1-3,تتبع درب زبيدة التاريخي من الكوفة حتى مكة المكرمة باستخدام نظم المعلومات الجغرافية,2020,,OpenAlex,https://doi.org/10.33948/jap-ksu-33-1-3,ok,AR_PURE,纯阿语正文(阿语79.9%/英文0.7%)，文旅词命中4个，文本充足,0.7992,0.0,0.0075,24214,10,4,0.1143,سياحة;السياحة;تراث;ثقافي,1,纯阿语正文(正文阿语>=60%/英文<20%/波斯=0)+文旅相关(tourism_hits>=1)+全文可得,1,在90案例池内
W2738822847,10,W2738822847,10.36325/ghjec.v12i36.9189,دور الحكومتان المركزية والمحلية والقطاع الخاص في تنشيط حركه السياحه الدينيه لمحافظه النجف الاشرف,2016,Al-Ghary Journal of Economic and Administrative Sciences,OpenAlex,https://journal.uokufa.edu.iq/index.php/ghjec/article/download/9189/8856,ok,QUAL_CASE,阿语占比中等(30.9%)但文旅词命中4个且文本充足，可作定性案例,0.3087,0.0,0.0493,24865,10,4,0.1143,tourism;tourist;tour;destination,0,,1,在90案例池内
W2620257661,11,W2620257661,10.36325/ghjec.v13i40.5638,توظيف عقود المبادلات في مجال الفنادق والسياحة دراسة تحليلية في عينة من الفنادق العراقية المسجلة في سوق العراق للأوراق المالية,2017,Al-Ghary Journal of Economic and Administrative Sciences,OpenAlex,https://journal.uokufa.edu.iq/index.php/ghjec/article/download/5638/5253,ok,AR_PURE,纯阿语正文(阿语69.2%/英文5.6%)，文旅词命中7个，文本充足,0.6916,0.0,0.0557,22970,10,7,0.2,tourism;tour;hotel;سياحة;السياحة;فندق;فنادق,1,纯阿语正文(正文阿语>=60%/英文<20%/波斯=0)+文旅相关(tourism_hits>=1)+全文可得,1,在90案例池内
W4380609287,12,W4380609287,10.58205/fber.v2i4.1056,الاقتصاد الدائري كمدخل إبداعي للحد من البصمة البیئیة وتحقیق التنمیة السیاحیة المستدامة: دراسة نظریة وتحلیلیة,2018,Finance and Business Economies Review,OpenAlex,http://jiamcs.centre-univ-mila.dz/index.php/fber/article/download/1056/793,ok,QUAL_CASE,阿语占比中等(25.2%)但文旅词命中3个且文本充足，可作定性案例,0.2515,0.0,0.0577,18650,10,3,0.0857,tourism;tour;sustainable tourism,0,,1,在90案例池内
W2951414388,13,W2951414388,10.31430/yywd4899,التحولات الاجتماعية التاريخية لمدينة المنامة: معادلات الديموغرافيا والأسلمة والتسويق,2019,عمران للعلوم الإجتماعية و الإنسانية,OpenAlex,https://omran.dohainstitute.org/ar/028/Pages/Omran28-2019-Kadhim.pdf,ok,AR_PURE,纯阿语正文(阿语74.1%/英文4.8%)，文旅词命中7个，文本充足,0.7408,0.0,0.0478,24402,10,7,0.2,tourism;tour;سياحة;cultural;ثقافة;ثقافي;destination,1,纯阿语正文(正文阿语>=60%/英文<20%/波斯=0)+文旅相关(tourism_hits>=1)+全文可得,1,在90案例池内
W2160648592,14,W2160648592,,توجهات دولة ماليزيا في احلفاظ على هوية اللغة العربية وحضارتها = Malaysia’s approach to maintain the identityand the civilization of the Arabic language,2015,The International Islamic University Malaysia Repository (The International Islamic University Malaysia),OpenAlex,http://eprints.usm.my/45345/1/ANDI%20TENRI%20FITRIYAH.pdf,ok,LANG_MISJUDG,正文阿语占比0.0%<15%，语言误判,0.0,0.0,0.5571,8543,10,0,0.0,,0,语言误判(正文阿语<15%，如波斯语/土耳其语标题混入)，排除出模型,0,未进90案例池
W2255529639,15,W2255529639,10.36325/ghjec.v10i30.5466,الأنومية التنظيمية وسلوك العمل العكسي دراسة تطبيقية في شركات السياحة والسفر العراقية,2014,Al-Ghary Journal of Economic and Administrative Sciences,OpenAlex,https://journal.uokufa.edu.iq/index.php/ghjec/article/download/5466/5082,ok,QUAL_CASE,阿语占比中等(27.8%)但文旅词命中3个且文本充足，可作定性案例,0.2781,0.0,0.0996,23540,10,3,0.0857,tourism;travel;tour,0,,1,在90案例池内
W2975153829,16,W2975153829,,إعداد مواد اللغة العربية للأغراض السياحية على أساس النظرية التواصلية لموظفي متحف د-توفينج باتو – جاوى الشرقية,2018,eTheses of Maulana Malik Ibrahim State Islamic University (Maulana Malik Ibrahim State Islamic University),OpenAlex,http://etheses.uin-malang.ac.id/14515/1/16720032.pdf,ok,AR_PURE,纯阿语正文(阿语67.1%/英文5.3%)，文旅词命中3个，文本充足,0.6707,0.0,0.0526,4009,10,3,0.0857,سياحي;السياحية;متحف,1,纯阿语正文(正文阿语>=60%/英文<20%/波斯=0)+文旅相关(tourism_hits>=1)+全文可得,1,在90案例池内
W3115118085,17,W3115118085,10.36325/ghjec.v15i1.5384,أثر إدارة المراسم والاتيكيت في تحقيق النجاح الاستراتيجي لمنظمات الضيافة,2018,Al-Ghary Journal of Economic and Administrative Sciences,OpenAlex,https://journal.uokufa.edu.iq/index.php/ghjec/article/download/5384/4997,ok,AR_PURE,纯阿语正文(阿语66.6%/英文11.2%)，文旅词命中14个，文本充足,0.666,0.0,0.1115,24826,10,14,0.4,tourism;tourist;tour;hospitality;hotel;سياحة;سياحي;سائح,1,纯阿语正文(正文阿语>=60%/英文<20%/波斯=0)+文旅相关(tourism_hits>=1)+全文可得,1,在90案例池内
W4399798534,18,W4399798534,10.34120/jss.v32i1.1681,التخطيط والإعداد لتصميم نظام معلومات سياحى وبنائه: نموذج مقترح للسياحة في المملكة العربية السعودية.,2004,مجلة العلوم الاجتماعية,OpenAlex,https://journals.ku.edu.kw/jss/index.php/jss/article/download/1681/937,ok,LANG_MISJUDG,正文阿语占比0.0%<15%，语言误判,0.0,0.0,0.0001,23807,10,0,0.0,,0,语言误判(正文阿语<15%，如波斯语/土耳其语标题混入)，排除出模型,0,未进90案例池
W4399805259,19,W4399805259,10.34120/jgaps.v36i137.2013,المقومات المجتمعية في دعم البرامج السياحية: دراسة تطبيقية على الإمارات باستخدام نموذج المعادلات الهيكلية.,2010,مجلة دراسات الخليج والجزيرة العربية.,OpenAlex,https://journals.ku.edu.kw/jgaps/index.php/jgaps/article/download/2013/1681,ok,LANG_MISJUDG,正文阿语占比0.0%<15%，语言误判,0.0,0.0,0.5229,17753,10,3,0.0857,tourism;tour;cultural,0,语言误判(正文阿语<15%，如波斯语/土耳其语标题混入)，排除出模型,0,未进90案例池
W7118057866,20,W7118057866,,تجربة أسلمة المعرفة في الجامعة الإسلامية العالمية بماليزيا: اتجاهات طلبة الجامعة نحو فعاليتها= The implementation of Islamization of knowledge at the International Islamic University Malaysia (IIUM): students’ perceptions of its effectiveness,2025,The International Islamic University Malaysia Repository (The International Islamic University Malaysia),OpenAlex,http://irep.iium.edu.my/126207/1/126207_%D8%AA%D8%AC%D8%B1%D8%A8%D8%A9%20%D8%A3%D8%B3%D9%84%D9%85%D8%A9%20%D8%A7%D9%84%D9%85%D8%B9%D8%B1%D9%81%D8%A9.pdf,ok,QUAL_CASE,阿语占比中等(39.9%)但文旅词命中3个且文本充足，可作定性案例,0.3995,0.0,0.1332,28725,10,3,0.0857,tourism;tour;sustainable tourism,0,,1,在90案例池内
W2803367349,21,W2803367349,10.18860/abj.v2i1.5308,تطوير الموسوعة السياحية على أساس الصورة الفوتوغرافية في الوكالة السياحية لمدينة مالانج,2017,Abjadia International Journal of Education,OpenAlex,http://ejournal.uin-malang.ac.id/index.php/abjadia/article/download/5308/Bahasa%20Arab,ok,AR_PURE,纯阿语正文(阿语63.9%/英文11.8%)，文旅词命中4个，文本充足,0.6394,0.0,0.1178,23746,10,4,0.1143,tourism;tourist;travel;tour,1,纯阿语正文(正文阿语>=60%/英文<20%/波斯=0)+文旅相关(tourism_hits>=1)+全文可得,1,在90案例池内
W3081380309,22,W3081380309,10.36325/ghjec.v14i4.5559,العوامل الديموغرافية وأثرها في قرار السلوك الشرائي,2018,Al-Ghary Journal of Economic and Administrative Sciences,OpenAlex,https://journal.uokufa.edu.iq/index.php/ghjec/article/download/5559/5175,ok,AR_PURE,纯阿语正文(阿语68.2%/英文9.2%)，文旅词命中7个，文本充足,0.6819,0.0,0.0917,20721,10,7,0.2,tourism;tour;hotel;سياحة;السياحة;فنادق;ثقافي,1,纯阿语正文(正文阿语>=60%/英文<20%/波斯=0)+文旅相关(tourism_hits>=1)+全文可得,1,在90案例池内
W2910037742,23,W2910037742,10.36325/ghjec.v15i2.5399,الصورة الذهنية للسائحوأثرها في تحقيق النجاح الاستراتيجي لمنظمات الضيافة,2018,Al-Ghary Journal of Economic and Administrative Sciences,OpenAlex,https://journal.uokufa.edu.iq/index.php/ghjec/article/download/5399/5014,ok,AR_PURE,纯阿语正文(阿语68.2%/英文10.0%)，文旅词命中13个，文本充足,0.682,0.0,0.0996,25833,10,13,0.3714,tourism;tourist;tour;hospitality;hotel;سياحي;سائح;السياحية,1,纯阿语正文(正文阿语>=60%/英文<20%/波斯=0)+文旅相关(tourism_hits>=1)+全文可得,1,在90案例池内
W2736807766,24,W2736807766,10.31436/jlls.v8i1.480,المقاربة النقدية الحديثة للتراث العربي القديم: المعارضة الأدبية أنموذجا / Modern Critical Approach on the Traditional Arabic Heritage: Literary Refutation as An Example.,2017,مجلة الدراسات اللغوية والأدبية (Journal of Linguistic and Literary Studies),OpenAlex,https://journals.iium.edu.my/arabiclang/index.php/JLLS/article/download/480/277,ok,AR_PURE,纯阿语正文(阿语70.8%/英文7.9%)，文旅词命中4个，文本充足,0.7085,0.0,0.0785,23469,10,4,0.1143,heritage;تراث;ثقافة;ثقافي,1,纯阿语正文(正文阿语>=60%/英文<20%/波斯=0)+文旅相关(tourism_hits>=1)+全文可得,1,在90案例池内
W3187756055,25,W3187756055,,أهمية المقاربة الحضارية في تفعيل التراث: مداخل توجيهية =Significance of civilisational approach in activating heritage: key guidelines = Kepentingan pendekatan tamadun dalam mengaktifkan warisan: garis panduan utama,2020,Scientific Repository (Petra Christian University),OpenAlex,http://irep.iium.edu.my/86831/1/Prof%20Aziz%2C%20Dr%20Ismail%20articel%2C%20JIA%2C%20Vol%2017%20No.%202%20%28Arabic%2001%29%20%20.pdf,ok,QUAL_CASE,阿语占比中等(59.0%)但文旅词命中2个且文本充足，可作定性案例,0.5898,0.0,0.1294,19129,10,2,0.0571,heritage;تراث,0,,1,在90案例池内
W4391918854,26,W4391918854,10.31185/wjfh.vol19.iss53.532,التناص  مع التراث الادبي في شعر الرثاء في العصر العباسي,2022,مجلة واسط للعلوم الانسانية,OpenAlex,https://wjfh.uowasit.edu.iq/index.php/wjfh/article/download/532/452,ok,AR_PURE,纯阿语正文(阿语63.9%/英文3.8%)，文旅词命中6个，文本充足,0.6388,0.0,0.0382,21231,10,6,0.1714,heritage;تراث;ثقافة;ثقافي;آثار;resort,1,纯阿语正文(正文阿语>=60%/英文<20%/波斯=0)+文旅相关(tourism_hits>=1)+全文可得,1,在90案例池内
W4327513434,27,W4327513434,10.31430/wzub6312,في أنثروبولوجيا الاحتباس الحراري: المناخ وحقوق الإنسان والعمران البشري العالمي,2023,عمران للعلوم الإجتماعية و الإنسانية,OpenAlex,https://omran.dohainstitute.org/ar/043/Documents/Omran-43-2023-Osman.pdf,ok,AR_PURE,纯阿语正文(阿语70.0%/英文8.9%)，文旅词命中8个，文本充足,0.7004,0.0,0.0891,28954,10,8,0.2286,heritage;cultural;culture;تراث;ثقافة;ثقافي;آثار;أثار,1,纯阿语正文(正文阿语>=60%/英文<20%/波斯=0)+文旅相关(tourism_hits>=1)+全文可得,1,在90案例池内
W4387943201,28,W4387943201,10.29228/smryj.71630,لخطاب الإقناعي في أشعار ذوي العاهات الجاهليين,2023,SOCIAL MENTALITY AND RESEARCHER THINKERS JOURNAL,OpenAlex,https://smartofjournal.com/files/smartjournal/f1d8b15c-9c32-452c-8cf8-eab9ef85f189.pdf,ok,AR_PURE,纯阿语正文(阿语61.8%/英文11.9%)，文旅词命中3个，文本充足,0.618,0.0,0.1192,39177,9,3,0.0857,heritage;cultural;ثقافة,1,纯阿语正文(正文阿语>=60%/英文<20%/波斯=0)+文旅相关(tourism_hits>=1)+全文可得,1,在90案例池内
W4399940590,29,W4399940590,10.29228/ijla.76601,طوفان الأقصى حرب اللغة الٳعلامية دراسة لغوية دلالية,2024,International Journal of Language Academy,OpenAlex,https://ijla.net/files/ijla_arsiv/b13f8c1a-f554-48ed-9fd4-e15f0762a8da.pdf,ok,QUAL_CASE,阿语占比中等(15.6%)但文旅词命中3个且文本充足，可作定性案例,0.156,0.0,0.1089,36985,10,3,0.0857,heritage;cultural;culture,0,,1,在90案例池内
W3097094819,30,W3097094819,10.31436/jia.v17i2.966,صرف أموال الزكاة في التكافل الصحي المصغر: دراسة فقهية (using zakat funds as contributions for Micro-health takaful: A shariah Perspective),2020,Journal of Islam in Asia (E-ISSN 2289-8077),OpenAlex,https://journals.iium.edu.my/jiasia/index.php/jia/article/download/966/430,ok,AR_EN_BILING,阿英双语(阿语39.9%/英文32.9%)，文旅词命中1个，文本充足,0.3989,0.0,0.3289,17249,10,1,0.0286,heritage,0,阿英双语正文，非纯阿语，不满足'纯阿语正文'条件,1,在90案例池内
W4292018279,31,W4292018279,10.36322/jksc.v1i53.5041,أثر البيئة الثقافية والطبيعية كمحفزات في تشكيل وصياغة النسيج الحضري مثال تحليلي للفترة السومرية من حضارة وادي الرافدين,2019,Journal of Kufa Studies Center,OpenAlex,https://journal.uokufa.edu.iq/index.php/ksc/article/download/5041/4654,ok,NOT_TOURISM,文旅主题词0命中（阿语占比27.9%）,0.279,0.0,0.0,16391,10,0,0.0,,0,内容非文旅(文旅主题词0命中),0,未进90案例池
W4312825105,32,W4312825105,10.56807/buj.v3i2.185,التراث غير المادي اليمني في الفضاء الرقمي (نماذج مختارة),2021,Albaydha University Journal,OpenAlex,https://baydaauniv.net/buj/index.php/buj/article/download/185/180,ok,AR_PURE,纯阿语正文(阿语61.9%/英文7.0%)，文旅词命中5个，文本充足,0.6186,0.0,0.0701,52344,10,5,0.1429,heritage;cultural;culture;museum;archaeolog,1,纯阿语正文(正文阿语>=60%/英文<20%/波斯=0)+文旅相关(tourism_hits>=1)+全文可得,1,在90案例池内
W4200510720,33,W4200510720,10.33948/jap-ksu-33-4-2,الاستدامة الشاملة في إعادة توظيف المباني الحجازية التاريخية - حالة دراسية لبيت الصيرفي في جدة التاريخية,2021,,OpenAlex,https://doi.org/10.33948/jap-ksu-33-4-2,ok,AR_PURE,纯阿语正文(阿语81.2%/英文0.4%)，文旅词命中4个，文本充足,0.8123,0.0,0.0041,23314,10,4,0.1143,سياحة;تراث;ثقافي;متحف,1,纯阿语正文(正文阿语>=60%/英文<20%/波斯=0)+文旅相关(tourism_hits>=1)+全文可得,1,在90案例池内
W4392054342,34,W4392054342,10.33948/jap-ksu-36-1-4,العولمة والثقافة والتراث وهوية المدينة (مقالة مختصرة غير محكمة),2024,,OpenAlex,https://doi.org/10.33948/jap-ksu-36-1-4,ok,AR_PURE,纯阿语正文(阿语81.0%/英文0.7%)，文旅词命中4个，文本充足,0.8095,0.0,0.0066,25928,10,4,0.1143,تراث;ثقافة;ثقافي;متاحف,1,纯阿语正文(正文阿语>=60%/英文<20%/波斯=0)+文旅相关(tourism_hits>=1)+全文可得,1,在90案例池内
W4231006628,35,W4231006628,10.33193/jalhss.61.2020.333,توظيف التراث في قصص الدكتور جمال الجزيري( وتدمع عيون الغراب- أولاد الحرام- ما أجمل هذه القيامة ),2020,"Journal of Arts, Literature, Humanities and Social Sciences",OpenAlex,http://www.jalhss.com/index.php/jalhss/article/download/333/324,ok,AR_PURE,纯阿语正文(阿语61.5%/英文6.3%)，文旅词命中3个，文本充足,0.6148,0.0,0.0625,41710,10,3,0.0857,heritage;cultural;culture,1,纯阿语正文(正文阿语>=60%/英文<20%/波斯=0)+文旅相关(tourism_hits>=1)+全文可得,1,在90案例池内
W7139689313,36,W7139689313,,الهوية العمانية في أرخبيل الملايو : حضور تاريخي يتجدد,2025,The International Islamic University Malaysia Repository (The International Islamic University Malaysia),OpenAlex,http://irep.iium.edu.my/126672/1/126672_%D9%86%D8%B4%D8%B1%D8%A9%20%D9%85%D8%B1%D9%83%D8%B2%20%D8%A7%D9%84%D8%A8%D8%AD%D9%88%D8%AB%20%D9%88%D8%A7%D9%84%D8%AF%D8%B1%D8%A7%D8%B3%D8%A7%D8%AA%20%D8%A7%D9%84%D8%B9%D9%8F%D9%85%D8%A7%D9%86%D9%8A%D8%A9%20%E2%80%93%20%D9%85%D8%A7%D9%84%D9%8A%D8%B2%D9%8A%D8%A7.pdf,ok,NOT_TOURISM,文旅主题词0命中（阿语占比76.4%）,0.7638,0.0,0.0449,8707,10,0,0.0,,0,内容非文旅(文旅主题词0命中),0,未进90案例池
W4403752448,37,W4403752448,10.31430/ifwo5657,"""تراثنا هو الكون"" شذرات من خطاب في النسيان",2020,تبين للدراسات الفكرية و الثقافية,OpenAlex,https://tabayyun.dohainstitute.org/ar/issue033/Pages/Tabayun33-2020-rachid.pdf,ok,AR_PURE,纯阿语正文(阿语66.8%/英文10.0%)，文旅词命中6个，文本充足,0.6683,0.0,0.1001,27518,10,6,0.1714,heritage;تراث;ثقافة;ثقافي;متاحف;آثار,1,纯阿语正文(正文阿语>=60%/英文<20%/波斯=0)+文旅相关(tourism_hits>=1)+全文可得,1,在90案例池内
W4200337719,38,W4200337719,10.33193/jalhss.73.2021.599,القيم الجمالية والاقتصادية في بعض الصور الفوتوغرافية التراثية المطبوعة بالورق الحراري على خامات موفرة (الخشب، الأكريليك، البوليستر),2021,"Journal of Arts, Literature, Humanities and Social Sciences",OpenAlex,https://www.jalhss.com/index.php/jalhss/article/download/599/592,ok,AR_PURE,纯阿语正文(阿语65.6%/英文4.5%)，文旅词命中2个，文本充足,0.6562,0.0,0.0452,34458,10,2,0.0571,heritage;تراث,1,纯阿语正文(正文阿语>=60%/英文<20%/波斯=0)+文旅相关(tourism_hits>=1)+全文可得,1,在90案例池内
W2807624544,39,W2807624544,10.31430/rhlr6159,الأرسومات الزجاجية العربية وتعالق الصورة والكتابة (من خلال المدونة التونسية),2018,تبين للدراسات الفكرية و الثقافية,OpenAlex,https://tabayyun.dohainstitute.org/ar/issue024/Pages/Tabayun24-2018_khalil.pdf,ok,AR_PURE,纯阿语正文(阿语70.4%/英文8.6%)，文旅词命中9个，文本充足,0.7042,0.0,0.0864,21373,10,9,0.2571,سياحي;heritage;cultural;culture;تراث;ثقافة;ثقافي;متحف,1,纯阿语正文(正文阿语>=60%/英文<20%/波斯=0)+文旅相关(tourism_hits>=1)+全文可得,1,在90案例池内
W2966305250,40,W2966305250,10.31430/10.31430,بين التعقل والتخلق كيف الطريق إلى الارتياض بمكارم الأخلاق عند ابن عربي؟,2019,تبين للدراسات الفكرية و الثقافية,OpenAlex,https://tabayyun.dohainstitute.org/ar/issue029/Pages/Tabayyun29-2019-belagrouze.pdf,ok,AR_PURE,纯阿语正文(阿语74.3%/英文5.6%)，文旅词命中6个，文本充足,0.7434,0.0,0.0556,26382,10,6,0.1714,heritage;culture;تراث;ثقافة;ثقافي;آثار,1,纯阿语正文(正文阿语>=60%/英文<20%/波斯=0)+文旅相关(tourism_hits>=1)+全文可得,1,在90案例池内
W3170097670,41,W3170097670,10.65074/zcjqg434,المصادر التاريخية لدراسة ظاهرة السكن العشوائي,2021,مجلة دراسات في التاريخ والآثار,OpenAlex,https://jcoart.uobaghdad.edu.iq/index.php/2075-3047/article/download/166/134,ok,QUAL_CASE,阿语占比中等(59.1%)但文旅词命中2个且文本充足，可作定性案例,0.5914,0.0,0.0214,17392,10,2,0.0571,heritage;تراث,0,,1,在90案例池内
W4361988281,42,W4361988281,10.29228/jasss.67440,MODERN SURİYE’DEKİ DÜŞÜNCE VE İLİM ADAMLARININ METİN TENKİDİ GÖRÜŞLERİ أراء علماء ومفكري سوريا المعاصرين في نقد المتن الحديثي,2023,The journal of academic social science studies/The journal of academic social science,OpenAlex,https://jasstudies.com/files/jass_makaleler/e9d64266-152b-46a9-9ae5-52438ecd878c.pdf,ok,AR_PURE,纯阿语正文(阿语60.9%/英文13.5%)，文旅词命中5个，文本充足,0.6091,0.0,0.1354,46912,10,5,0.1429,سفر;heritage;تراث;ثقافة;أثار,1,纯阿语正文(正文阿语>=60%/英文<20%/波斯=0)+文旅相关(tourism_hits>=1)+全文可得,1,在90案例池内
W2569251321,43,W2569251321,10.35632/citj.v19i76.747,الحداثة بين الفكر الغربي والفكر العربي انقطاع أو اتصال؟ الأدب أنموذجا,2014,الفكر الإسلامي المعاصر (إسلامية المعرفة سابقا),OpenAlex,https://citj.org/index.php/citj/article/download/747/551,ok,QUAL_CASE,阿语占比中等(28.5%)但文旅词命中2个且文本充足，可作定性案例,0.2848,0.0,0.04,24342,10,2,0.0571,heritage;cultural,0,,1,在90案例池内
W2509444367,44,W2509444367,10.35632/citj.v21i83.555,في نقد أطروحة العلمنة في السياقين الغربي والإسلامي,2016,الفكر الإسلامي المعاصر (إسلامية المعرفة سابقا),OpenAlex,https://citj.org/index.php/citj/article/download/555/401,ok,AR_PURE,纯阿语正文(阿语65.7%/英文9.1%)，文旅词命中4个，文本充足,0.6571,0.0,0.0905,23774,10,4,0.1143,heritage;cultural;culture;تراث,1,纯阿语正文(正文阿语>=60%/英文<20%/波斯=0)+文旅相关(tourism_hits>=1)+全文可得,1,在90案例池内
W4402644146,45,W4402644146,10.61312/tam6a968,دور المرأة الفلسطينية في حماية الهوية وثقافة المجتمع,2024,Journal of Al-Mubadara,OpenAlex,https://www.almubadara.net/index.php/joa/article/download/47/35,ok,AR_PURE,纯阿语正文(阿语66.1%/英文6.1%)，文旅词命中5个，文本充足,0.661,0.0,0.0606,21634,10,5,0.1429,heritage;culture;تراث;ثقافة;ثقافي,1,纯阿语正文(正文阿语>=60%/英文<20%/波斯=0)+文旅相关(tourism_hits>=1)+全文可得,1,在90案例池内
W4401601464,46,W4401601464,10.33899/radab.2024.145980.2059,التوازي التركيبي في شعــــر الخبزأرزي,2024,اداب الرافدین,OpenAlex,https://radab.uomosul.edu.iq/index.php/radab/article/download/33625/33441/33744,ok,QUAL_CASE,阿语占比中等(59.2%)但文旅词命中2个且文本充足，可作定性案例,0.5925,0.0,0.0677,41218,10,2,0.0571,heritage;cultural,0,,1,在90案例池内
W4404444847,47,W4404444847,10.33899/radab.2024.145181.02033,الاستلزام الحواري في الأمثال الشعبية الموصليـــة – مقاربة تداوليــــة-,2024,اداب الرافدین,OpenAlex,https://radab.uomosul.edu.iq/index.php/radab/article/download/33620/33436/33739,ok,AR_PURE,纯阿语正文(阿语61.9%/英文3.4%)，文旅词命中1个，文本充足,0.6187,0.0,0.0343,40241,10,1,0.0286,heritage,1,纯阿语正文(正文阿语>=60%/英文<20%/波斯=0)+文旅相关(tourism_hits>=1)+全文可得,1,在90案例池内
W4403820803,48,W4403820803,10.31430/xjdd9594,حجاجية الترغيب في العمل و التحضيض عليه: المثل الشعبي التونسي أنموذجا,2018,تبين للدراسات الفكرية و الثقافية,OpenAlex,https://tabayyun.dohainstitute.org/ar/issue0026/Pages/Tabayun26-2018_souissi.pdf,ok,AR_PURE,纯阿语正文(阿语73.4%/英文5.3%)，文旅词命中7个，文本充足,0.7338,0.0,0.0527,30573,10,7,0.2,سفر;heritage;cultural;culture;تراث;ثقافة;ثقافي,1,纯阿语正文(正文阿语>=60%/英文<20%/波斯=0)+文旅相关(tourism_hits>=1)+全文可得,1,在90案例池内
W4403990828,49,W4403990828,10.31430/ohsn1105,مسار الفردنة في تونس بين الديناميات الاجتماعية ومشروع النخبة الحداثوية,2020,عمران للعلوم الإجتماعية و الإنسانية,OpenAlex,https://omran.dohainstitute.org/ar/Issue032/Pages/Omran-32-2020-Hermassi.pdf,ok,AR_PURE,纯阿语正文(阿语71.1%/英文9.1%)，文旅词命中5个，文本充足,0.711,0.0,0.0907,27457,10,5,0.1429,heritage;cultural;culture;ثقافة;ثقافي,1,纯阿语正文(正文阿语>=60%/英文<20%/波斯=0)+文旅相关(tourism_hits>=1)+全文可得,1,在90案例池内
W4400522263,50,W4400522263,10.56807/buj.v5i5.578,دراسة التراث الفقهي اليمني الأقوال الواضحة الصريحة فيما أحدث في وادي زبيد من المظالم القبيحة انموذجا,2024,Albaydha University Journal,OpenAlex,https://baydaauniv.net/buj/index.php/buj/article/download/578/521,ok,QUAL_CASE,阿语占比中等(40.6%)但文旅词命中3个且文本充足，可作定性案例,0.4057,0.0,0.0322,58745,10,3,0.0857,heritage;cultural;تراث,0,,1,在90案例池内
W4400522301,51,W4400522301,10.56807/buj.v6i2.594,المصادر المهمة في دراسة اللهجات العربية,2024,Albaydha University Journal,OpenAlex,https://baydaauniv.net/buj/index.php/buj/article/download/594/527,ok,QUAL_CASE,阿语占比中等(39.4%)但文旅词命中4个且文本充足，可作定性案例,0.3936,0.0,0.0322,43460,6,4,0.1143,heritage;تراث;ثقافة;ثقافي,0,,1,在90案例池内
W2980580774,52,W2980580774,,العلاقة بين كفاءة فهم الأمثلة التصريفية وقراءة الكتب التراثية لدى الطالبات بمدرسة النجاح الدينية بمعهد منبع المعارف دينايار جومبانج,2019,eTheses of Maulana Malik Ibrahim State Islamic University (Maulana Malik Ibrahim State Islamic University),OpenAlex,http://etheses.uin-malang.ac.id/14914/1/15150046.pdf,ok,NOT_TOURISM,文旅主题词0命中（阿语占比78.2%）,0.7817,0.0,0.0013,3907,10,0,0.0,,0,内容非文旅(文旅主题词0命中),0,未进90案例池
W3127740201,53,W3127740201,10.1163/9789004462922,"&lt;div align=""right""&gt;&lt;bdo dir=""rtl""&gt;مؤلفات يوسف بن حسن بن عبد الهادي ومساهمته في حفظ التراث الفكري&lt;/bdo&gt;&lt;/div&gt;",2021,,OpenAlex,https://brill.com/downloadpdf/title/59399.pdf,ok,AR_EN_BILING,阿英双语(阿语42.4%/英文34.9%)，文旅词命中1个，文本充足,0.4241,0.0,0.349,4011,10,1,0.0286,آثار,0,阿英双语正文，非纯阿语，不满足'纯阿语正文'条件,1,在90案例池内
W4409646407,54,W4409646407,10.56807/buj.v7i1.738,ألفاظ محكيـة السياني المستـدركة على المعجم اليمني في اللغة والتراث,2025,Albaydha University Journal,OpenAlex,https://baydaauniv.net/buj/index.php/buj/article/download/738/645,ok,QUAL_CASE,阿语占比中等(40.7%)但文旅词命中2个且文本充足，可作定性案例,0.4067,0.0,0.0303,66602,10,2,0.0571,heritage;تراث,0,,1,在90案例池内
W2912661598,55,W2912661598,10.31430/mhuf1883,مدخل إلى دراسة تاريخ الفكر الأخلاقي في مصر في سياق مشاريع الإصلاح والنهضة,2018,تبين للدراسات الفكرية و الثقافية,OpenAlex,https://tabayyun.dohainstitute.org/ar/issue0026/Pages/Tabayun26-2018_Alkhatib.pdf,ok,AR_PURE,纯阿语正文(阿语69.9%/英文7.2%)，文旅词命中7个，文本充足,0.6989,0.0,0.0718,28783,10,7,0.2,سفر;heritage;تراث;ثقافة;ثقافي;آثار;أثار,1,纯阿语正文(正文阿语>=60%/英文<20%/波斯=0)+文旅相关(tourism_hits>=1)+全文可得,1,在90案例池内
W3136462358,56,W3136462358,,العلاقة بين الوقف والابتكار في ظل الرؤية الفقهية,2019,The International Islamic University Malaysia Repository (The International Islamic University Malaysia),OpenAlex,http://irep.iium.edu.my/86799/1/%D8%A7%D9%84%D8%B9%D9%84%D8%A7%D9%82%D8%A9-%D8%A8%D9%8A%D9%86-%D8%A7%D9%84%D9%88%D9%82%D9%81-%D9%88%D8%A7%D9%84%D8%A7%D8%A8%D8%AA%D9%83%D8%A7%D8%B1%282%29.pdf,ok,AR_PURE,纯阿语正文(阿语63.6%/英文7.8%)，文旅词命中1个，文本充足,0.6355,0.0,0.0783,17601,10,1,0.0286,heritage,1,纯阿语正文(正文阿语>=60%/英文<20%/波斯=0)+文旅相关(tourism_hits>=1)+全文可得,1,在90案例池内
W3214883956,57,W3214883956,,خصائص الكلمة ودورها في البنية الحجاجية في الإعلام المرئي = The characteristics of the word and its role in the argumentative structure in the visual media,2020,The International Islamic University Malaysia Repository (The International Islamic University Malaysia),OpenAlex,http://irep.iium.edu.my/81027/1/%D8%A7%D9%84%D8%B9%D8%AF%D8%AF%20%D8%A7%D9%84%D8%AC%D8%AF%D9%8A%D8%AF%20%D9%85%D9%86%20%D9%85%D8%AC%D9%84%D8%A9%20%20%D8%AF%D8%B1%D8%A7%D8%B3%D8%A7%D8%AA%20%D9%8A%D9%88%D9%86%D9%8A%D9%88%202020.pdf,ok,QUANT_ONLY,文本量不足(<500字符)，只能作数量边界证据,0.0,0.0,0.0,0,1,,,,0,仅数量边界证据(文本不足/提取失败),0,未进90案例池
W4324116085,58,W4324116085,10.37653/juah.2015.144777,التجاوزات على استعمالات الأرض لمدینة راوه عام 2013م,2015,Maǧallaẗ ǧāmiʻaẗ al-Anbār li-l-ʻulūm al-insāniyyaẗ/Maǧallaẗ ǧāmiʻaẗ al-anbār li-l-ʻulūm al-insāniyyaẗ,OpenAlex,https://juah.uoanbar.edu.iq/article_144777_cafc4948f3918c576eef6c0a3be6a4ac.pdf,ok,AR_PURE,纯阿语正文(阿语61.3%/英文6.4%)，文旅词命中3个，文本充足,0.6128,0.0,0.0636,16215,10,3,0.0857,heritage;cultural;ثقافي,1,纯阿语正文(正文阿语>=60%/英文<20%/波斯=0)+文旅相关(tourism_hits>=1)+全文可得,1,在90案例池内
W2613625124,59,W2613625124,10.36322/jksc.v1i34.4703,مدرسة قم الروائية في مواجهة الغلاة,2022,Journal of Kufa Studies Center,OpenAlex,https://journal.uokufa.edu.iq/index.php/ksc/article/download/4703/4332,ok,AR_PURE,纯阿语正文(阿语77.4%/英文0.0%)，文旅词命中1个，文本充足,0.774,0.0,0.0,16554,10,1,0.0286,تراث,1,纯阿语正文(正文阿语>=60%/英文<20%/波斯=0)+文旅相关(tourism_hits>=1)+全文可得,1,在90案例池内
W4320305177,60,W4320305177,10.47798/awuj.2022.i65.02,جماليات المفارقة في قصيدة رسالة إلى مهيار الدمشقي لعلي المتقي,2022,alwasl university jounal,OpenAlex,https://archive.org/download/20230212_20230212_1541/%D8%AC%D9%85%D8%A7%D9%84%D9%8A%D8%A9%20%D8%A7%D9%84%D9%85%D9%81%D8%A7%D8%B1%D9%82%D8%A9%20%D9%81%D9%8A%20%D9%82%D8%B5%D9%8A%D8%AF%D8%A9%20%D8%B1%D8%B3%D8%A7%D9%84%D8%A9%20%D8%A5%D9%84%D9%89%20%D9%85%D9%87%D9%8A%D8%A7%D8%B1%20%D8%A7%D9%84%D8%AF%D9%85%D8%B4%D9%82%D9%8A%20%D9%84%D8%B9%D9%84%D9%8A%20%D8%A7%D9%84%D9%85%D8%AA%D9%82%D9%8A.pdf,ok,AR_PURE,纯阿语正文(阿语64.4%/英文9.4%)，文旅词命中6个，文本充足,0.6437,0.0,0.0938,15222,10,6,0.1714,heritage;cultural;تراث;ثقافة;ثقافي;resort,1,纯阿语正文(正文阿语>=60%/英文<20%/波斯=0)+文旅相关(tourism_hits>=1)+全文可得,1,在90案例池内
W4250165251,61,W4250165251,10.33948/jap-ksu-33-1-2,اثر تكييف المباني الدينية المحولة على القيم المعمارية للفضاء الداخلي والممارسات الطقسية فيها,2020,,OpenAlex,https://doi.org/10.33948/jap-ksu-33-1-2,ok,AR_PURE,纯阿语正文(阿语77.2%/英文3.3%)，文旅词命中3个，文本充足,0.7718,0.0,0.033,27705,10,3,0.0857,ثقافة;ثقافي;آثار,1,纯阿语正文(正文阿语>=60%/英文<20%/波斯=0)+文旅相关(tourism_hits>=1)+全文可得,1,在90案例池内
W7172477395,62,W7172477395,,زاوية الهامل ودورها في حفظ التراث الجزائري,2017,Open MIND,OpenAlex,https://asjp.cerist.dz/en/downArticle/326/3/5/16427,ok,AR_PURE,纯阿语正文(阿语65.4%/英文4.9%)，文旅词命中2个，文本充足,0.6542,0.0,0.0492,19090,10,2,0.0571,heritage;تراث,1,纯阿语正文(正文阿语>=60%/英文<20%/波斯=0)+文旅相关(tourism_hits>=1)+全文可得,1,在90案例池内
W4324115617,63,W4324115617,10.37653/juah.2012.144178,الجغرافیة الفلکیة العربیة دراسة لمراحلها التطویریة,2012,Maǧallaẗ ǧāmiʻaẗ al-Anbār li-l-ʻulūm al-insāniyyaẗ/Maǧallaẗ ǧāmiʻaẗ al-anbār li-l-ʻulūm al-insāniyyaẗ,OpenAlex,https://juah.uoanbar.edu.iq/article_144178_2c266e208d3b8b860ed6e584981a4bfb.pdf,ok,AR_PURE,纯阿语正文(阿语61.6%/英文3.1%)，文旅词命中1个，文本充足,0.6155,0.0,0.031,36402,10,1,0.0286,heritage,1,纯阿语正文(正文阿语>=60%/英文<20%/波斯=0)+文旅相关(tourism_hits>=1)+全文可得,1,在90案例池内
W2741132154,64,W2741132154,10.36322/jksc.v1i20.5329,وقفات مع محمد رشيد رضا 1865 - 1925,2011,Journal of Kufa Studies Center,OpenAlex,https://journal.uokufa.edu.iq/index.php/ksc/article/download/5329/4941,ok,AR_PURE,纯阿语正文(阿语72.7%/英文0.0%)，文旅词命中1个，文本充足,0.7269,0.0,0.0,23911,10,1,0.0286,ثقافة,1,纯阿语正文(正文阿语>=60%/英文<20%/波斯=0)+文旅相关(tourism_hits>=1)+全文可得,1,在90案例池内
W3188879660,65,W3188879660,10.31436/jia.v18i1.1021,كيفية إخراج زكاة المحافظ الاستثمارية: دراسة فقهية تأصيلية (Zakat on investment portfolios: a fiqhi Ta’sili studies),2021,Journal of Islam in Asia (E-ISSN 2289-8077),OpenAlex,https://journals.iium.edu.my/jiasia/index.php/jia/article/download/1021/489,ok,AR_EN_BILING,阿英双语(阿语49.4%/英文23.9%)，文旅词命中1个，文本充足,0.4939,0.0,0.2391,15689,10,1,0.0286,heritage,0,阿英双语正文，非纯阿语，不满足'纯阿语正文'条件,1,在90案例池内
W4410376171,66,W4410376171,10.33948/arts-ksu-37-2-1,سيميائية التركيب والتصوير في قصيدة الكوليرا لنازك الملائكة,2024,,OpenAlex,https://doi.org/10.33948/arts-ksu-37-2-1,ok,AR_PURE,纯阿语正文(阿语65.7%/英文5.9%)，文旅词命中4个，文本充足,0.6565,0.0,0.0594,29735,10,4,0.1143,heritage;cultural;ثقافة;ثقافي,1,纯阿语正文(正文阿语>=60%/英文<20%/波斯=0)+文旅相关(tourism_hits>=1)+全文可得,1,在90案例池内
W3017112071,67,W3017112071,10.35632/citj.v19i74.785,جهود إسماعيل الفاروقي في علم تاريخ الأديان,2013,الفكر الإسلامي المعاصر (إسلامية المعرفة سابقا),OpenAlex,https://citj.org/index.php/citj/article/download/785/583,ok,LANG_MISJUDG,正文阿语占比0.0%<15%，语言误判,0.0,0.0,0.1666,21146,10,2,0.0571,heritage;cultural,0,语言误判(正文阿语<15%，如波斯语/土耳其语标题混入)，排除出模型,0,未进90案例池
W2989810204,68,W2989810204,,مدخل إلى الألسنية الحديثة لطلبة المرحلة الجامعية الأولى,2019,The International Islamic University Malaysia Repository (The International Islamic University Malaysia),OpenAlex,http://irep.iium.edu.my/74995/1/74995_%D9%85%D8%AF%D8%AE%D9%84%20%D8%A5%D9%84%D9%89%20%D8%A7%D9%84%D8%A3%D9%84%D8%B3%D9%86%D9%8A%D8%A9%20%D8%A7%D9%84%D8%AD%D8%AF%D9%8A%D8%AB%D8%A9.pdf,ok,NOT_TOURISM,文旅主题词0命中（阿语占比59.6%）,0.5961,0.0,0.1223,4481,10,0,0.0,,0,内容非文旅(文旅主题词0命中),0,未进90案例池
W4404432462,69,W4404432462,10.33899/radab.2024.146038.02063,"اراغون في الترجمة العربية دراســـة مقارنة لثلاث ترجمات عربية لقصيدة ""عيــــون إلز""",2024,اداب الرافدین,OpenAlex,https://radab.uomosul.edu.iq/index.php/radab/article/download/33611/33427/33730,ok,LANG_MISJUDG,正文阿语占比4.7%<15%，语言误判,0.0468,0.0,0.657,34516,10,2,0.0571,tour;heritage,0,语言误判(正文阿语<15%，如波斯语/土耳其语标题混入)，排除出模型,0,未进90案例池
W3123755425,70,W3123755425,10.29117/ansaq.2019.0104,"مراجعة كتاب: ""الإيماءة والإشارة: التواصل غير اللفظي في الثقافة القطرية""",2021,Ansaq journal,OpenAlex,https://journals.qu.edu.qa/index.php/ANSQ/article/download/1715/1217,ok,AR_PURE,纯阿语正文(阿语74.8%/英文5.7%)，文旅词命中5个，文本充足,0.7476,0.0,0.0565,5183,2,5,0.1429,heritage;cultural;culture;ثقافة;ثقافي,1,纯阿语正文(正文阿语>=60%/英文<20%/波斯=0)+文旅相关(tourism_hits>=1)+全文可得,1,在90案例池内
W7165273637,71,W7165273637,,الحضور الثقافي بين المعرفة والممارسة,2025,The International Islamic University Malaysia Repository (The International Islamic University Malaysia),OpenAlex,https://irep.iium.edu.my/129017/8/129017_%D8%A7%D9%84%D9%86%D8%B4%D8%B1%D8%A9-%D8%A7%D9%84%D8%AF%D9%88%D8%B1%D9%8A%D8%A9-4.pdf,ok,AR_PURE,纯阿语正文(阿语80.1%/英文2.2%)，文旅词命中1个，文本充足,0.8007,0.0,0.0222,4060,4,1,0.0286,ثقافي,1,纯阿语正文(正文阿语>=60%/英文<20%/波斯=0)+文旅相关(tourism_hits>=1)+全文可得,1,在90案例池内
W4200602167,72,W4200602167,10.33193/jalhss.71.2021.568,الأبواب التراثية بالحارة العمانية كمصدر للاستحداث صياغات تشكيلية على أسطح الأشكال الخزفية لطلاب التربية الفنية,2021,"Journal of Arts, Literature, Humanities and Social Sciences",OpenAlex,https://www.jalhss.com/index.php/jalhss/article/download/568/561,ok,QUAL_CASE,阿语占比中等(58.2%)但文旅词命中2个且文本充足，可作定性案例,0.5825,0.0,0.0765,29276,10,2,0.0571,heritage;cultural,0,,1,在90案例池内
W4379207981,73,W4379207981,10.56807/buj.v5i2.367,"""إشكالية المصطلح في العلوم الإنسانية والاجتماعية بين الترجمة والتعريب""",2023,Albaydha University Journal,OpenAlex,https://baydaauniv.net/buj/index.php/buj/article/download/367/344,ok,AR_PURE,纯阿语正文(阿语68.0%/英文5.3%)，文旅词命中3个，文本充足,0.6804,0.0,0.0533,35703,8,3,0.0857,heritage;culture;تراث,1,纯阿语正文(正文阿语>=60%/英文<20%/波斯=0)+文旅相关(tourism_hits>=1)+全文可得,1,在90案例池内
W4405872390,74,W4405872390,10.62339/jlc.v5i02.335,المصاحبة اللفظية في اللغة العربية -نماذج تطبيقية-,2024,Langues & cultures.,OpenAlex,https://jlc.univ-adrar.edu.dz/index.php?journal=jlc&page=article&op=download&path[]=335&path[]=260,ok,AR_PURE,纯阿语正文(阿语72.9%/英文3.5%)，文旅词命中4个，文本充足,0.7288,0.0,0.0349,31278,10,4,0.1143,heritage;culture;تراث;ثقافة,1,纯阿语正文(正文阿语>=60%/英文<20%/波斯=0)+文旅相关(tourism_hits>=1)+全文可得,1,在90案例池内
W3103882402,75,W3103882402,,منهج ابن عاشور في استخدام القراءات وتوظيفها في تفسيره = Ibn Ashour's approach in the usage of Quranic readings and employing them in his interpretation,2020,Scientific Repository (Petra Christian University),OpenAlex,http://irep.iium.edu.my/82358/1/82358_%D9%85%D9%86%D9%87%D8%AC%20%D8%A7%D8%A8%D9%86%20%D8%B9%D8%A7%D8%B4%D9%88%D8%B1%20%D9%81%D9%8A%20%D8%A7%D8%B3%D8%AA%D8%AE%D8%AF%D8%A7%D9%85%20%D8%A7%D9%84%D9%82%D8%B1%D8%A7%D8%A1%D8%A7%D8%AA%20%D9%88%D8%AA%D9%88%D8%B8%D9%8A%D9%81%D9%87%D8%A7.pdf,ok,QUAL_CASE,阿语占比中等(58.9%)但文旅词命中2个且文本充足，可作定性案例,0.589,0.0,0.1206,19924,10,2,0.0571,heritage;تراث,0,,1,在90案例池内
W1592952699,76,W1592952699,10.36322/jksc.v1i13.4885,الاشتقاق عند ابن جني دراسة تحليلية,2009,Journal of Kufa Studies Center,OpenAlex,https://journal.uokufa.edu.iq/index.php/ksc/article/download/4885/4514,ok,NOT_TOURISM,文旅主题词0命中（阿语占比71.9%）,0.7192,0.0,0.0,30192,10,0,0.0,,0,内容非文旅(文旅主题词0命中),0,未进90案例池
W3016472645,77,W3016472645,10.35632/citj.v20i78.707,الاقتصاد الإسلامي: حفرية مصطلح,2014,الفكر الإسلامي المعاصر (إسلامية المعرفة سابقا),OpenAlex,https://citj.org/index.php/citj/article/download/707/521,ok,AR_PURE,纯阿语正文(阿语65.4%/英文9.1%)，文旅词命中2个，文本充足,0.6539,0.0,0.0911,23948,10,2,0.0571,heritage;archaeolog,1,纯阿语正文(正文阿语>=60%/英文<20%/波斯=0)+文旅相关(tourism_hits>=1)+全文可得,1,在90案例池内
W3208453223,78,W3208453223,10.56807/buj.v3i2.189,الحكاية الشعبية في مديرية العرش- دراسة موضوعية,2021,Albaydha University Journal,OpenAlex,https://baydaauniv.net/buj/index.php/buj/article/download/189/182,ok,AR_PURE,纯阿语正文(阿语67.0%/英文2.0%)，文旅词命中1个，文本充足,0.6705,0.0,0.0198,51833,10,1,0.0286,heritage,1,纯阿语正文(正文阿语>=60%/英文<20%/波斯=0)+文旅相关(tourism_hits>=1)+全文可得,1,在90案例池内
W1871651591,79,W1871651591,10.36325/ghjec.v10i32.5633,واقع استخدام معايير الاعتماد الاكاديمي في العملية التعليمية دراسة تجريبية لعينة من كليات جامعة الكوفة,2015,Al-Ghary Journal of Economic and Administrative Sciences,OpenAlex,https://journal.uokufa.edu.iq/index.php/ghjec/article/download/5633/5248,ok,QUAL_CASE,阿语占比中等(30.7%)但文旅词命中2个且文本充足，可作定性案例,0.3075,0.0,0.0438,25519,10,2,0.0571,heritage;antiquities,0,,1,在90案例池内
W3016938690,80,W3016938690,10.35632/citj.v20i77.725,نحو صياغة الأصول النظرية للحسبة العلمية في الإسلام: دراسة في المفهوم وتطبيقاته,2014,الفكر الإسلامي المعاصر (إسلامية المعرفة سابقا),OpenAlex,https://citj.org/index.php/citj/article/download/725/535,ok,QUANT_ONLY,文本仅23870字符/文旅命中1个，只能作数量边界证据,0.2584,0.0,0.0463,23870,10,1,0.0286,heritage,0,仅数量边界证据(文本不足/提取失败),0,未进90案例池
W2556315603,81,W2556315603,10.35632/citj.v21i84.603,المدخل النقدي لإعادة بناء الفكر الإسلامي عند العلامة محمد إقبال,2016,الفكر الإسلامي المعاصر (إسلامية المعرفة سابقا),OpenAlex,https://citj.org/index.php/citj/article/download/603/445,ok,LANG_MISJUDG,正文阿语占比0.0%<15%，语言误判,0.0,0.0,0.1288,21810,10,2,0.0571,heritage;cultural,0,语言误判(正文阿语<15%，如波斯语/土耳其语标题混入)，排除出模型,0,未进90案例池
W2583583544,82,W2583583544,10.36322/jksc.v1i40.4959,شهاب الدين الحلبي وجهوده الأدبية Shihab Al-Din Al-Halabi and his efforts literary,2016,Journal of Kufa Studies Center,OpenAlex,https://journal.uokufa.edu.iq/index.php/ksc/article/download/4959/4588,ok,NOT_TOURISM,文旅主题词0命中（阿语占比30.2%）,0.3023,0.0,0.0,20550,10,0,0.0,,0,内容非文旅(文旅主题词0命中),0,未进90案例池
W3005900240,83,W3005900240,10.35632/iokj.v24i93.163,الاستقلال الفلسفي والتجديد عند طه عبد الرحمن,2018,الفكر الإسلامي المعاصر (إسلامية المعرفة سابقا),OpenAlex,https://citj.org/index.php/citj/article/download/163/303,ok,QUANT_ONLY,文本仅21927字符/文旅命中1个，只能作数量边界证据,0.237,0.0,0.0546,21927,10,1,0.0286,heritage,0,仅数量边界证据(文本不足/提取失败),0,未进90案例池
W2595358898,84,W2595358898,10.35632/citj.v21i84.619,محمد إقبال والقلق الصوفي,2016,الفكر الإسلامي المعاصر (إسلامية المعرفة سابقا),OpenAlex,https://citj.org/index.php/citj/article/download/619/455,ok,LANG_MISJUDG,正文阿语占比0.0%<15%，语言误判,0.0003,0.0,0.181,18324,10,1,0.0286,heritage,0,语言误判(正文阿语<15%，如波斯语/土耳其语标题混入)，排除出模型,0,未进90案例池
W4394882556,85,W4394882556,10.47798/awuj.2023.i67.05,التكثيف الشعري في قصيدة(العراق)، لعدنان الصائغ,2023,alwasl university jounal,OpenAlex,https://doi.org/10.47798/awuj.2023.i67.05,ok,AR_PURE,纯阿语正文(阿语64.1%/英文8.9%)，文旅词命中1个，文本充足,0.6413,0.0,0.0888,14012,10,1,0.0286,heritage,1,纯阿语正文(正文阿语>=60%/英文<20%/波斯=0)+文旅相关(tourism_hits>=1)+全文可得,1,在90案例池内
W4409382211,86,W4409382211,10.33193/ijohss.65.2025.801,الصورة البلاغية لسورة القلم,2025,International Journal on Humanities and Social Sciences,OpenAlex+DOAJ,https://www.ijohss.com/index.php/IJoHSS/article/download/801/791,ok,AR_PURE,纯阿语正文(阿语70.4%/英文4.7%)，文旅词命中1个，文本充足,0.7043,0.0,0.0472,49536,10,1,0.0286,heritage,1,纯阿语正文(正文阿语>=60%/英文<20%/波斯=0)+文旅相关(tourism_hits>=1)+全文可得,1,在90案例池内
W4404444786,87,W4404444786,10.33899/radab.2024.149220.2131,"الازياء الشـعبية في بغديـدا ""زي المرأة انموذجــا"" دراسـة سوسيو انثروبولوجيا",2024,اداب الرافدین,OpenAlex,https://radab.uomosul.edu.iq/index.php/radab/article/download/33805/33609/33912,ok,AR_PURE,纯阿语正文(阿语60.1%/英文7.0%)，文旅词命中2个，文本充足,0.601,0.0,0.0705,37733,10,2,0.0571,heritage;culture,1,纯阿语正文(正文阿语>=60%/英文<20%/波斯=0)+文旅相关(tourism_hits>=1)+全文可得,1,在90案例池内
W4400522310,88,W4400522310,10.56807/buj.v6i2.588,أصول اللهجات اليمنية وعلاقتها بالعربية الفصحى,2024,Albaydha University Journal,OpenAlex,https://baydaauniv.net/buj/index.php/buj/article/download/588/523,ok,QUAL_CASE,阿语占比中等(39.2%)但文旅词命中3个且文本充足，可作定性案例,0.3918,0.0,0.0273,46978,7,3,0.0857,heritage;تراث;ثقافة,0,,1,在90案例池内
W4394882288,89,W4394882288,10.47798/awuj.2023.i67.09,دعوات تجديد في البلاغة العربية,2023,alwasl university jounal,OpenAlex,http://dx.doi.org/10.47798/awuj.2023.i67.09,ok,AR_PURE,纯阿语正文(阿语66.8%/英文9.1%)，文旅词命中3个，文本充足,0.6678,0.0,0.0906,15977,10,3,0.0857,heritage;تراث;ثقافة,1,纯阿语正文(正文阿语>=60%/英文<20%/波斯=0)+文旅相关(tourism_hits>=1)+全文可得,1,在90案例池内
W2946460119,90,W2946460119,,"استخدام اسلوب التمييزفي مهارة القراءة للكتب التراثية في دورة ""أوشيان عربية"" ببارى قديرى",2018,eTheses of Maulana Malik Ibrahim State Islamic University (Maulana Malik Ibrahim State Islamic University),OpenAlex,http://etheses.uin-malang.ac.id/13815/1/16721023.pdf,ok,LANG_MISJUDG,正文阿语占比4.8%<15%，语言误判,0.0479,0.0,0.0223,584,10,0,0.0,,0,语言误判(正文阿语<15%，如波斯语/土耳其语标题混入)，排除出模型,0,未进90案例池
W4291301352,91,W4291301352,10.36322/jksc.v1i49.5052,الكتيبة وصفاتها في التراث المعجمي العربي دراسة في الاشتقاق والمعنى,2018,Journal of Kufa Studies Center,OpenAlex,https://journal.uokufa.edu.iq/index.php/ksc/article/download/5052/4665,ok,NOT_TOURISM,文旅主题词0命中（阿语占比32.4%）,0.3243,0.0,0.0,21561,10,0,0.0,,0,内容非文旅(文旅主题词0命中),0,未进90案例池
W2986822489,92,W2986822489,,"المعاني الاكتشافية والارتجاعية في منظومة ""من فضل النبي تبركوا"" للشيخ غانم جلول عند نظرية سيمائية لميكائيل ريفاتير",2019,eTheses of Maulana Malik Ibrahim State Islamic University (Maulana Malik Ibrahim State Islamic University),OpenAlex,http://etheses.uin-malang.ac.id/15324/1/15310155.pdf,ok,AR_PURE,纯阿语正文(阿语75.3%/英文3.2%)，文旅词命中1个，文本充足,0.7532,0.0,0.0321,3951,10,1,0.0286,أثار,1,纯阿语正文(正文阿语>=60%/英文<20%/波斯=0)+文旅相关(tourism_hits>=1)+全文可得,1,在90案例池内
W2582616262,93,W2582616262,10.15408/bat.v21i2.3849,نصيحة المسلمين وتذكرة المؤمنين للشيخ عبد الصمد الجاوى الفلمبانى (1112هـ- 1203هـ) تحقيقها وتخريج أحاديثها النبوية فيها,2020,Buletin Al-Turas,OpenAlex,http://journal.uinjkt.ac.id/index.php/al-turats/article/download/3849/2833,ok,QUAL_CASE,阿语占比中等(53.2%)但文旅词命中2个且文本充足，可作定性案例,0.5322,0.0,0.1015,27676,10,2,0.0571,heritage;culture,0,,1,在90案例池内
W2593449615,94,W2593449615,10.36322/jksc.v1i21.5161,ادارة الازمة في فكر السيدة زينب عليها السلام,2011,Journal of Kufa Studies Center,OpenAlex,https://journal.uokufa.edu.iq/index.php/ksc/article/download/5161/4773,ok,QUAL_CASE,阿语占比中等(53.3%)但文旅词命中2个且文本充足，可作定性案例,0.5325,0.0,0.1849,16242,10,2,0.0571,heritage;cultural,0,,1,在90案例池内
W2892125875,95,W2892125875,10.31436/jlls.v7i2.404,التماسك النصي في نماذج من مقامات الزمخشري: دراسة تحليلية / Textuality in selected texts of Zamakhshari’s Maqamat : An Analytical Study,2016,مجلة الدراسات اللغوية والأدبية (Journal of Linguistic and Literary Studies),OpenAlex,https://journals.iium.edu.my/arabiclang/index.php/JLLS/article/download/404/208,ok,AR_PURE,纯阿语正文(阿语70.2%/英文7.9%)，文旅词命中2个，文本充足,0.7017,0.0,0.0794,24514,10,2,0.0571,heritage;ثقافة,1,纯阿语正文(正文阿语>=60%/英文<20%/波斯=0)+文旅相关(tourism_hits>=1)+全文可得,1,在90案例池内
W3197713501,96,W3197713501,10.46722/hikmah.v4i3.151,تصورات أدب الأطفال في تأليفات الشيخ أبي الحسن علي الندوي,2021,Al Hikmah International Journal of Islamic Studies and Human Sciences,OpenAlex,https://alhikmah.my/index.php/hikmah/article/download/151/198,ok,AR_PURE,纯阿语正文(阿语67.6%/英文10.8%)，文旅词命中5个，文本充足,0.6759,0.0,0.1083,17179,10,5,0.1429,heritage;cultural;culture;ثقافة;ثقافي,1,纯阿语正文(正文阿语>=60%/英文<20%/波斯=0)+文旅相关(tourism_hits>=1)+全文可得,1,在90案例池内
W2788608108,97,W2788608108,,استخدام برنامج كوريل درو ٢ ١ في فن الخط عند الطلاب: بحث إجرائي في الفصل الخط بمعهد سبيل الرشاد غاسيك مالانج,2014,eTheses of Maulana Malik Ibrahim State Islamic University (Maulana Malik Ibrahim State Islamic University),OpenAlex,http://etheses.uin-malang.ac.id/8829/1/10150057.pdf,ok,QUANT_ONLY,文本量不足(<500字符)，只能作数量边界证据,0.0,0.0,0.5535,318,10,,,,0,仅数量边界证据(文本不足/提取失败),0,未进90案例池
W2917345512,98,W2917345512,10.31436/jlls.v9i1.616,دور استدعاء الشخصيات التراثية في توجيه الدلالة: شعر محمد القيسي أنموذجا / The function of recalling traditional characters in implying meanings: The poem of Muḥammad al-Qaisi as case study,2018,مجلة الدراسات اللغوية والأدبية (Journal of Linguistic and Literary Studies),OpenAlex,https://journals.iium.edu.my/arabiclang/index.php/jlls/article/download/616/305,ok,AR_PURE,纯阿语正文(阿语66.4%/英文11.6%)，文旅词命中3个，文本充足,0.6642,0.0,0.1157,20980,10,3,0.0857,heritage;تراث;ثقافي,1,纯阿语正文(正文阿语>=60%/英文<20%/波斯=0)+文旅相关(tourism_hits>=1)+全文可得,1,在90案例池内
W4388305076,99,W4388305076,10.33102/iiecons.v10i1.136,تقنين العملة الافتراضية في ظل التنمية المستدامة و التحول الاقتصادي - دولة الإمارات العربية المتحدة أنموذجا,2023,I-iECONS e-proceedings,OpenAlex,https://epiiecons.usim.edu.my/index.php/eproceeding/article/download/136/108,ok,QUANT_ONLY,文本仅30801字符/文旅命中1个，只能作数量边界证据,0.1883,0.0,0.0705,30801,10,1,0.0286,heritage,0,仅数量边界证据(文本不足/提取失败),0,未进90案例池
W2902669804,100,W2902669804,10.31436/jlls.v9i2.680,عبدالله الطيب شاعر التراث: مكانته الأدبية وظواهر لغوية في ديوانه (بانات رامة) / ʽAbdullah al-Ṭayyib a Traditional Poet: His literary Standing and Language Features in his Anthology: “Banāt Ramah”,2018,مجلة الدراسات اللغوية والأدبية (Journal of Linguistic and Literary Studies),OpenAlex,https://journals.iium.edu.my/arabiclang/index.php/jlls/article/download/680/344,ok,AR_PURE,纯阿语正文(阿语64.3%/英文10.2%)，文旅词命中4个，文本充足,0.6432,0.0,0.1015,22566,10,4,0.1143,heritage;ثقافة;ثقافي;آثار,1,纯阿语正文(正文阿语>=60%/英文<20%/波斯=0)+文旅相关(tourism_hits>=1)+全文可得,1,在90案例池内
W2783771607,101,W2783771607,,تدريس قواعد النحو فيضوء النظرية المعرفيةبمعهد روضة الطالبين بآمونتاي كليمنتان الجنوبية,2017,eTheses of Maulana Malik Ibrahim State Islamic University (Maulana Malik Ibrahim State Islamic University),OpenAlex,http://etheses.uin-malang.ac.id/8704/1/15720083.pdf,ok,QUANT_ONLY,文本仅10224字符/文旅命中1个，只能作数量边界证据,0.2754,0.0,0.5171,10224,10,1,0.0286,heritage,0,仅数量边界证据(文本不足/提取失败),0,未进90案例池
W2807878884,102,W2807878884,,تحقيق كتاب: نيل المأمول حاشية غاية الوصول,2016,eTheses of Maulana Malik Ibrahim State Islamic University (Maulana Malik Ibrahim State Islamic University),OpenAlex,http://etheses.uin-malang.ac.id/10210/1/14750019.pdf,ok,QUAL_CASE,阿语占比中等(25.5%)但文旅词命中2个且文本充足，可作定性案例,0.255,0.0,0.3691,7727,10,2,0.0571,heritage;تراث,0,,1,在90案例池内
W2271884814,103,W2271884814,,الخطاب الحجاجي في مختارات من أداب العلامة عبد الحميد بن باديس,2011,University of Biskra Theses Repository (University of Biskra),OpenAlex,http://thesis.univ-biskra.dz/2045/1/mmj312.pdf,ok,LANG_MISJUDG,正文阿语占比4.5%<15%，语言误判,0.0449,0.0,0.0011,11378,10,0,0.0,,0,语言误判(正文阿语<15%，如波斯语/土耳其语标题混入)，排除出模型,0,未进90案例池
W2912585504,104,W2912585504,,استعمال الطلسم لحفظ شيئ ما لدى المجتمع المادوري في كتاب منبع أصول الحكمة لأبي عباس أحمد بن علي البوني على النظرية البنيوية لليفي ستروس,2018,eTheses of Maulana Malik Ibrahim State Islamic University (Maulana Malik Ibrahim State Islamic University),OpenAlex,http://etheses.uin-malang.ac.id/12637/1/14310053.pdf,ok,AR_PURE,纯阿语正文(阿语66.9%/英文7.0%)，文旅词命中1个，文本充足,0.6692,0.0,0.0697,4175,10,1,0.0286,ثقافة,1,纯阿语正文(正文阿语>=60%/英文<20%/波斯=0)+文旅相关(tourism_hits>=1)+全文可得,1,在90案例池内
W3096916604,105,W3096916604,,صرف أموال انزكاة في انتكافم انصحي انمصغر: دراسة فقهية =Using zakat funds as contributions for micro-health takaful: a shariah perspective = Permasalahan syarak dalam mengeluarkan dana zakat untuk tujuan takaful kesihatan mikro,2020,The International Islamic University Malaysia Repository (The International Islamic University Malaysia),OpenAlex,http://irep.iium.edu.my/83064/1/83064_%D8%B5%D8%B1%D9%81%20%D8%A3%D9%85%D9%88%D8%A7%D9%84%20%D8%A7%D9%86%D8%B2%D9%83%D8%A7%D8%A9%20%D9%81%D9%8A%20%D8%A7%D9%86%D8%AA%D9%83%D8%A7%D9%81%D9%85%20%D8%A7%D9%86%D8%B5%D8%AD%D9%8A%20%D8%A7%D9%86%D9%85%D8%B5%D8%BA%D8%B1%20%D8%AF%D8%B1%D8%A7%D8%B3%D8%A9%20%D9%81%D9%82%D9%87%D9%8A%D8%A9.pdf,ok,AR_EN_BILING,阿英双语(阿语39.9%/英文32.9%)，文旅词命中1个，文本充足,0.3989,0.0,0.3289,17249,10,1,0.0286,heritage,0,阿英双语正文，非纯阿语，不满足'纯阿语正文'条件,1,在90案例池内
W2787388517,106,W2787388517,,تحليل المحتوى الثقافي للكتاب المدرسي العربية للناشئين,2017,eTheses of Maulana Malik Ibrahim State Islamic University (Maulana Malik Ibrahim State Islamic University),OpenAlex,http://etheses.uin-malang.ac.id/9151/1/13150133.pdf,ok,AR_PURE,纯阿语正文(阿语69.4%/英文0.0%)，文旅词命中1个，文本充足,0.6943,0.0,0.0003,3189,10,1,0.0286,ثقافي,1,纯阿语正文(正文阿语>=60%/英文<20%/波斯=0)+文旅相关(tourism_hits>=1)+全文可得,1,在90案例池内
W4404443505,107,W4404443505,10.33899/radab.2023.144587.2025,ترجمــة واسمات الهوية العربية في المعلقات الى الإنكليزيـــة,2024,اداب الرافدین,OpenAlex,https://radab.uomosul.edu.iq/index.php/radab/article/download/32375/32207/32509,ok,LANG_MISJUDG,正文阿语占比3.9%<15%，语言误判,0.0392,0.0,0.7283,30691,10,3,0.0857,travel;cultural;culture,0,语言误判(正文阿语<15%，如波斯语/土耳其语标题混入)，排除出模型,0,未进90案例池
W2999502184,108,W2999502184,,الفقه المالكي في السنغال: الانتشار والتطور - سعيد جاه ومحمد الطاهر الميساوي = The dissemination and development of the Maliki jurisprudence in Senegal,2019,The International Islamic University Malaysia Repository (The International Islamic University Malaysia),OpenAlex,http://irep.iium.edu.my/76881/1/76881_%D8%A7%D9%84%D9%81%D9%82%D9%87%20%D8%A7%D9%84%D9%85%D8%A7%D9%84%D9%83%D9%8A%20%D9%81%D9%8A%20%D8%A7%D9%84%D8%B3%D9%86%D8%BA%D8%A7%D9%84.pdf,ok,AR_PURE,纯阿语正文(阿语63.3%/英文6.7%)，文旅词命中3个，文本充足,0.6327,0.0,0.0669,21596,10,3,0.0857,travel;ثقافة;ثقافي,1,纯阿语正文(正文阿语>=60%/英文<20%/波斯=0)+文旅相关(tourism_hits>=1)+全文可得,1,在90案例池内
W3195382679,109,W3195382679,,صىسة اخش انصش ف انص انشحه انع ب بششق أفشمبسحهت أب انحبسد انبشوا (ىرصب دساست وصفت),2021,The International Islamic University Malaysia Repository (The International Islamic University Malaysia),OpenAlex,http://irep.iium.edu.my/88267/1/88267_%D8%B5%D9%89%D8%B3%D8%A9%20%D8%A7%D9%90%D8%AE%D8%B4%20%D8%A7%D9%86%D9%8B%D8%B5%D8%B4%D9%8C%20%D9%81%D9%8D%20%D8%A7%D9%86%D9%8F%D8%B5%20%D8%A7%D9%86%D8%B4%D8%AD%D9%87%D9%8D%20%D8%A7%D9%86%D8%B9%20%D9%8B%D8%A8%D9%8E%D9%8D%20%D8%A8%D8%B4%D8%B4%D9%82.pdf,ok,AR_PURE,纯阿语正文(阿语63.1%/英文2.3%)，文旅词命中5个，文本充足,0.6314,0.0,0.0229,27418,10,5,0.1429,travel;cultural;تراث;ثقافة;ثقافي,1,纯阿语正文(正文阿语>=60%/英文<20%/波斯=0)+文旅相关(tourism_hits>=1)+全文可得,1,在90案例池内
W2617350716,110,W2617350716,10.36322/jksc.v1i32.5179,الشيخ جعفر النقدي حياته وجهوده الفكرية 1885 - 1950 دراسة تاريخية تحليلية,2014,Journal of Kufa Studies Center,OpenAlex,https://journal.uokufa.edu.iq/index.php/ksc/article/download/5179/4791,ok,AR_PURE,纯阿语正文(阿语76.0%/英文0.0%)，文旅词命中4个，文本充足,0.7597,0.0,0.0,22089,10,4,0.1143,تراث;ثقافة;ثقافي;اثار,1,纯阿语正文(正文阿语>=60%/英文<20%/波斯=0)+文旅相关(tourism_hits>=1)+全文可得,1,在90案例池内
W2750770108,111,W2750770108,10.36322/jksc.v1i45.5096,العرض والطلب على الدراسات العليا في العراق وردم الفجوة بينهما باستحداث الدراسات العليا المسائية,2017,Journal of Kufa Studies Center,OpenAlex,https://journal.uokufa.edu.iq/index.php/ksc/article/download/5096/4709,ok,NOT_TOURISM,文旅主题词0命中（阿语占比28.9%）,0.2895,0.0,0.0246,17189,10,0,0.0,,0,内容非文旅(文旅主题词0命中),0,未进90案例池
W2803474327,112,W2803474327,,"جملة التوجيهات ""Direktif"" في كتاب الرحيق المختوم لفضيلة الشيخ صفي الرحمن المباركفوري: دراسة تخليلية تداولية",2015,eTheses of Maulana Malik Ibrahim State Islamic University (Maulana Malik Ibrahim State Islamic University),OpenAlex,http://etheses.uin-malang.ac.id/11226/1/11310046.pdf,ok,NOT_TOURISM,文旅主题词0命中（阿语占比65.8%）,0.6576,0.0,0.0287,3829,10,0,0.0,,0,内容非文旅(文旅主题词0命中),0,未进90案例池
W2954442548,113,W2954442548,,تشابه سفرة روحية الإنسان في كتاب منطق الطير لفريد الدين العطار من خلال نظرية الوجودية لجان بول سارتر,2019,eTheses of Maulana Malik Ibrahim State Islamic University (Maulana Malik Ibrahim State Islamic University),OpenAlex,http://etheses.uin-malang.ac.id/14271/1/15310054.pdf,ok,AR_PURE,纯阿语正文(阿语72.1%/英文0.0%)，文旅词命中1个，文本充足,0.7207,0.0,0.0003,7583,10,1,0.0286,سفر,1,纯阿语正文(正文阿语>=60%/英文<20%/波斯=0)+文旅相关(tourism_hits>=1)+全文可得,1,在90案例池内
W2891788618,114,W2891788618,,فعاليت البطاقت الىهضيت لترقيت إستيعاب الوفرداث في الفصل الخاهس بالوذرست اإلبتذائيت هذايت الوبتذئين واجاك,2018,eTheses of Maulana Malik Ibrahim State Islamic University (Maulana Malik Ibrahim State Islamic University),OpenAlex,http://etheses.uin-malang.ac.id/11911/1/14150149.pdf,ok,NOT_TOURISM,文旅主题词0命中（阿语占比72.1%）,0.7212,0.0,0.0063,3024,10,0,0.0,,0,内容非文旅(文旅主题词0命中),0,未进90案例池
ARABIC-2010-b0b055cb,115,,,التصوف الإسلامي بين التأثر والتأثير,2010,Annales du Patrimoine,DOAJ,https://annalesdupatrimoine.files.wordpress.com/2021/10/annales_10ar_abbassa.pdf,ok,AR_PURE,纯阿语正文(阿语65.7%/英文9.2%)，文旅词命中3个，文本充足,0.6574,0.0,0.0916,15635,10,3,0.0857,heritage;تراث;أثار,1,纯阿语正文(正文阿语>=60%/英文<20%/波斯=0)+文旅相关(tourism_hits>=1)+全文可得,1,在90案例池内
ARABIC-2003-aff9f8e9,116,,,بحران روش‌شناسى در علوم سیاسى,2003,علوم سیاسی,DOAJ,http://psq.bou.ac.ir/article_10114_38d9aa0d024f99700327ea4eac6213ed.pdf,ok,LANG_MISJUDG,正文阿语占比0.0%<15%，语言误判,0.0,0.0,0.3902,18823,10,0,0.0,,0,语言误判(正文阿语<15%，如波斯语/土耳其语标题混入)，排除出模型,0,未进90案例池
ARABIC-2018-43023350,117,,,At Gözlüklerini Çıkararak Nebevi Sünnet’e Bakmak: Nano Gelenekten Makro Geleneğe -Bir Kitap Üzerine Notlar- / Looking at Sunnah in Relation to the Prophet by Taking Off the Blinders: From Nano Traditions to Macro Traditions -Notes on a Book- / «إزالة غشاوة العين عند النظر إلى السنة النبوية بتمعن كل شاردة وواردة عن التراث من تراث «النانو» إلى تراث «المايكرو» «ملاحظات حول كتاب,2018,İlahiyat Akademi,DOAJ,https://dergipark.org.tr/tr/download/article-file/608813,ok,LANG_MISJUDG,正文阿语占比0.0%<15%，语言误判,0.0,0.0,0.7216,27484,10,0,0.0,,0,语言误判(正文阿语<15%，如波斯语/土耳其语标题混入)，排除出模型,0,未进90案例池
10.46353/k7auifd.1620310,118,,10.46353/k7auifd.1620310,نشأة الرواية والكتابة التاريخية في فلسطين في القرون الخمسة الهجرية الأولى,2025,Kilis 7 Aralık Üniversitesi İlahiyat Fakültesi Dergisi,DOAJ,https://dergipark.org.tr/tr/download/article-file/4522832,ok,LANG_MISJUDG,正文阿语占比11.8%<15%，语言误判,0.1178,0.0,0.3039,29726,10,1,0.0286,heritage,0,语言误判(正文阿语<15%，如波斯语/土耳其语标题混入)，排除出模型,0,未进90案例池
10.32955/neu.istem.2023.9.1.08,119,,10.32955/neu.istem.2023.9.1.08,موقف ابن رشد الفلسفي من اللفظ والمعنى مقاربة منهجية,2023,Yakın Doğu Üniversitesi İslam Tetkikleri Merkezi Dergisi,DOAJ,https://dergipark.org.tr/tr/download/article-file/3127345,ok,AR_EN_BILING,阿英双语(阿语52.0%/英文24.6%)，文旅词命中2个，文本充足,0.5196,0.0,0.2462,43720,10,2,0.0571,تراث;ثقافة,0,阿英双语正文，非纯阿语，不满足'纯阿语正文'条件,1,在90案例池内
10.51575/atebe.1391291,120,,10.51575/atebe.1391291,المنهج الشكي بين المنقذ من الضلال للغزالي و مقال عن المنهاج لديكارت,2023,Atebe,DOAJ,https://dergipark.org.tr/tr/download/article-file/3539564,ok,LANG_MISJUDG,正文阿语占比13.1%<15%，语言误判,0.1309,0.0,0.2334,27594,10,0,0.0,,0,语言误判(正文阿语<15%，如波斯语/土耳其语标题混入)，排除出模型,0,未进90案例池
